membership_no,billing_date
AGL-000001,2/24/2026
AGL-000002,2/24/2026
AGL-000003,2/27/2026
AGL-000004,2/24/2026
AGL-000005,3/29/2026
AGL-000006,2/24/2026
AGL-000007,2/24/2026
AGL-000008,2/24/2026
AGL-000009,2/24/2026
AGL-000010,3/19/2026
AGL-000011,4/19/2026
AGL-000012,2/24/2026
AGL-000013,9/29/2026
AGL-000014,2/24/2026
AGL-000015,2/24/2026
AGL-000016,4/5/2026
AGL-000017,3/14/2026
AGL-000018,2/25/2026
AGL-000019,2/25/2026
AGL-000020,3/16/2026
AGL-000021,2/25/2026
AGL-000022,4/14/2026
AGL-000023,3/26/2026
AGL-000024,2/25/2026
AGL-000025,2/25/2026
AGL-000026,3/6/2026
AGL-000027,3/20/2026
AGL-000028,2/25/2026
AGL-000029,4/15/2026
AGL-000030,2/25/2026
AGL-000031,2/26/2026
AGL-000032,2/26/2026
AGL-000033,3/20/2026
AGL-000034,4/12/2026
AGL-000035,4/6/2026
AGL-000036,2/26/2026
AGL-000037,3/19/2026
AGL-000038,2/26/2026
AGL-000039,3/26/2026
AGL-000040,3/27/2026
AGL-000041,2/26/2026
AGL-000042,3/29/2026
AGL-000043,2/27/2026
AGL-000044,2/27/2026
AGL-000045,2/27/2026
AGL-000046,2/27/2026
AGL-000047,2/27/2026
AGL-000048,2/27/2026
AGL-000049,4/11/2026
AGL-000050,3/1/2026
AGL-000051,3/7/2026
AGL-000052,4/9/2026
AGL-000053,4/8/2026
AGL-000054,3/12/2026
AGL-000055,3/1/2026
AGL-000056,3/1/2026
AGL-000057,3/9/2026
AGL-000058,3/1/2026
AGL-000059,3/2/2026
AGL-000060,4/7/2026
AGL-000061,3/12/2026
AGL-000062,3/6/2026
AGL-000063,3/2/2026
AGL-000064,3/10/2026
AGL-000065,3/5/2026
AGL-000066,3/2/2026
AGL-000067,3/29/2026
AGL-000068,4/20/2026
AGL-000069,4/4/2026
AGL-000070,3/2/2026
AGL-000071,4/18/2026
AGL-000072,3/16/2026
AGL-000073,3/3/2026
AGL-000074,4/4/2026
AGL-000075,4/7/2026
AGL-000076,3/3/2026
AGL-000077,4/21/2026
AGL-000078,3/1/2026
AGL-000079,3/1/2026
AGL-000080,3/1/2026
AGL-000081,3/2/2026
AGL-000082,3/2/2026
AGL-000083,3/5/2026
AGL-000084,3/5/2026
AGL-000085,3/5/2026
AGL-000086,3/5/2026
AGL-000087,3/10/2026
AGL-000088,3/10/2026
AGL-000089,3/6/2026
AGL-000090,3/6/2026
AGL-000091,3/6/2026
AGL-000092,3/6/2026
AGL-000093,3/7/2026
AGL-000094,3/9/2026
AGL-000095,3/9/2026
AGL-000096,3/9/2026
AGL-000097,3/9/2026
AGL-000098,3/9/2026
AGL-000099,4/13/2026
AGL-000100,3/12/2026
AGL-000101,3/12/2026
AGL-000102,3/12/2026
AGL-000103,3/12/2026
AGL-000104,3/13/2026
AGL-000105,3/13/2026
AGL-000106,3/15/2026
AGL-000107,3/14/2026
AGL-000108,3/15/2026
AGL-000109,3/20/2026
AGL-000110,4/19/2026
AGL-000111,3/21/2026
AGL-000112,3/26/2026
AGL-000113,3/26/2026
AGL-000114,3/26/2026
AGL-000115,3/27/2026
AGL-000116,3/27/2026
AGL-000117,3/28/2026
AGL-000118,3/29/2026
AGL-000119,3/29/2026
AGL-000120,4/1/2026
AGL-000121,4/2/2026
AGL-000122,4/4/2026
AGL-000123,4/4/2026
AGL-000124,4/5/2026
AGL-000125,4/6/2026
AGL-000126,4/6/2026
AGL-000127,4/6/2026
AGL-000128,4/6/2026
AGL-000129,4/11/2026
AGL-000130,4/12/2026
AGL-000131,4/18/2026
AGL-000132,4/18/2026
AGL-000133,4/19/2026
AGL-000134,4/21/2026
AGL-000135,4/21/2026
AGL-000136,4/21/2026
AGL-000137,4/21/2026
AGL-000138,9/2/2026
AGL-000139,9/2/2026
AGL-000140,8/1/2026
AGL-000141,9/2/2026
AGL-000142,9/22/2026
AGL-000143,9/22/2026
AGL-000144,7/23/2026
AGL-000145,10/24/2026
AGL-000146,9/2/2026
AGL-000147,9/2/2026
AGL-000148,9/2/2026
AGL-000149,9/2/2026
AGL-000150,12/20/2026
AGL-000151,11/2/2026
AGL-000152,6/20/2026
AGL-000153,9/2/2026
AGL-000154,9/2/2026
AGL-000155,9/2/2026
AGL-000156,11/21/2026
AGL-000157,2/8/2026
AGL-000158,10/13/2026
AGL-000159,9/2/2026
AGL-000160,9/2/2026
AGL-000161,11/1/2026
AGL-000162,9/2/2026
AGL-000163,12/12/2026
AGL-000164,7/30/2026
AGL-000165,3/3/2026
AGL-000166,2/13/2026
AGL-000167,9/2/2026
AGL-000168,9/2/2026
AGL-000169,9/2/2026
AGL-000170,6/21/2026
AGL-000171,10/25/2026
AGL-000172,7/12/2026
AGL-000173,3/18/2026
AGL-000174,9/2/2026
AGL-000175,9/2/2026
AGL-000176,9/2/2026
AGL-000177,1/2/2027
AGL-000178,9/3/2026
AGL-000179,9/3/2026
AGL-000180,9/3/2026
AGL-000181,9/3/2026
AGL-000182,9/3/2026
AGL-000204,9/6/2026
AGL-000205,9/25/2026
AGL-000206,3/4/2026
AGL-000207,9/6/2026
AGL-000208,9/6/2026
AGL-000209,12/8/2026
AGL-000210,9/7/2026
AGL-000211,9/7/2026
AGL-000212,9/7/2026
AGL-000213,1/31/2027
AGL-000214,9/27/2026
AGL-000215,9/8/2026
AGL-000216,9/8/2026
AGL-000217,9/8/2026
AGL-000218,9/8/2026
AGL-000219,9/8/2026
AGL-000220,10/7/2026
AGL-000221,9/9/2026
AGL-000222,10/24/2026
AGL-000223,11/15/2026
AGL-000224,5/23/2026
AGL-000225,8/15/2026
AGL-000226,11/3/2026
AGL-000227,9/12/2026
AGL-000228,7/15/2026
AGL-000229,9/24/2026
AGL-000230,9/12/2026
AGL-000231,9/12/2026
AGL-000232,9/15/2026
AGL-000233,9/20/2026
AGL-000234,9/13/2026
AGL-000235,9/13/2026
AGL-000236,9/13/2026
AGL-000237,9/13/2026
AGL-000238,6/18/2026
AGL-000239,5/10/2026
AGL-000240,9/16/2026
AGL-000241,10/7/2026
AGL-000242,9/16/2026
AGL-000243,9/16/2026
AGL-000244,11/24/2026
AGL-000183,9/3/2026
AGL-000184,9/3/2026
AGL-000185,10/6/2026
AGL-000186,9/3/2026
AGL-000187,11/15/2026
AGL-000188,9/3/2026
AGL-000189,9/3/2026
AGL-000190,9/3/2026
AGL-000191,9/3/2026
AGL-000192,5/18/2026
AGL-000193,9/5/2026
AGL-000194,9/5/2026
AGL-000195,9/5/2026
AGL-000196,11/4/2026
AGL-000197,9/5/2026
AGL-000198,7/19/2026
AGL-000199,9/5/2026
AGL-000200,11/9/2026
AGL-000201,9/5/2026
AGL-000202,9/6/2026
AGL-000203,9/6/2026
AGL-000245,9/16/2026
AGL-000246,8/31/2026
AGL-000247,9/16/2026
AGL-000248,11/7/2026
AGL-000249,6/7/2026
AGL-000250,9/16/2026
AGL-000251,9/16/2026
AGL-000252,9/29/2026
AGL-000253,9/27/2026
AGL-000254,9/16/2026
AGL-000255,5/6/2026
AGL-000256,5/6/2026
AGL-000257,9/27/2026
AGL-000258,10/24/2026
AGL-000259,9/17/2026
AGL-000260,9/17/2026
AGL-000261,11/7/2026
AGL-000262,11/8/2026
AGL-000263,11/28/2026
AGL-000264,9/20/2026
AGL-000265,9/20/2026
AGL-000266,10/19/2026
AGL-000267,2/7/2026
AGL-000268,9/20/2026
AGL-000269,8/24/2026
AGL-000270,9/20/2026
AGL-000271,9/20/2026
AGL-000272,3/7/2026
AGL-000273,3/7/2026
AGL-000274,2/15/2026
AGL-000275,9/21/2026
AGL-000276,9/21/2026
AGL-000277,3/23/2026
AGL-000278,11/23/2026
AGL-000279,12/1/2026
AGL-000280,3/4/2026
AGL-000281,10/23/2026
AGL-000282,9/22/2026
AGL-000283,7/27/2026
AGL-000284,7/19/2026
AGL-000285,7/20/2026
AGL-000286,5/1/2026
AGL-000287,9/23/2026
AGL-000288,12/1/2026
AGL-000289,10/25/2026
AGL-000290,12/25/2026
AGL-000291,9/24/2026
AGL-000292,8/21/2026
AGL-000293,10/27/2026
AGL-000294,11/21/2026
AGL-000295,11/1/2026
AGL-000296,9/26/2026
AGL-000297,11/1/2026
AGL-000298,10/27/2026
AGL-000299,9/28/2026
AGL-000300,9/28/2026
AGL-000301,9/28/2026
AGL-000302,9/28/2026
AGL-000303,9/28/2026
AGL-000304,7/22/2026
AGL-000305,1/12/2027
AGL-000306,12/7/2026
AGL-000307,10/24/2026
AGL-000308,6/4/2026
AGL-000309,12/6/2026
AGL-000310,11/8/2026
AGL-000311,11/8/2026
AGL-000312,10/2/2026
AGL-000313,10/3/2026
AGL-000314,10/3/2026
AGL-000315,10/3/2026
AGL-000316,10/3/2026
AGL-000317,10/3/2026
AGL-000318,12/22/2026
AGL-000319,11/17/2026
AGL-000320,11/9/2026
AGL-000321,11/9/2026
AGL-000322,10/5/2026
AGL-000323,7/17/2026
AGL-000324,10/5/2026
AGL-000325,11/7/2026
AGL-000326,10/5/2026
AGL-000327,10/5/2026
AGL-000349,12/6/2026
AGL-000350,10/10/2026
AGL-000351,10/10/2026
AGL-000352,11/12/2026
AGL-000353,10/10/2026
AGL-000354,7/13/2026
AGL-000355,11/17/2026
AGL-000356,11/17/2026
AGL-000357,2/11/2026
AGL-000358,10/11/2026
AGL-000359,10/11/2026
AGL-000360,10/11/2026
AGL-000361,10/11/2026
AGL-000362,10/11/2026
AGL-000363,10/12/2026
AGL-000364,5/29/2026
AGL-000365,10/12/2026
AGL-000366,10/12/2026
AGL-000367,10/12/2026
AGL-000368,11/20/2026
AGL-000369,2/10/2026
AGL-000370,10/12/2026
AGL-000371,10/12/2026
AGL-000328,3/3/2026
AGL-000329,10/5/2026
AGL-000330,10/6/2026
AGL-000331,10/6/2026
AGL-000332,10/10/2026
AGL-000333,10/6/2026
AGL-000334,10/7/2026
AGL-000335,10/7/2026
AGL-000336,10/7/2026
AGL-000337,10/9/2026
AGL-000338,11/11/2026
AGL-000339,11/16/2026
AGL-000340,10/9/2026
AGL-000341,10/9/2026
AGL-000342,10/10/2026
AGL-000343,12/14/2026
AGL-000344,10/10/2026
AGL-000345,10/10/2026
AGL-000346,6/9/2026
AGL-000347,10/10/2026
AGL-000348,10/10/2026
AGL-000372,10/13/2026
AGL-000373,6/6/2026
AGL-000374,12/5/2026
AGL-000375,12/7/2026
AGL-000376,12/5/2026
AGL-000377,10/14/2026
AGL-000378,10/14/2026
AGL-000379,10/14/2026
AGL-000380,11/9/2026
AGL-000381,10/14/2026
AGL-000382,10/16/2026
AGL-000383,8/23/2026
AGL-000384,3/12/2026
AGL-000385,5/16/2026
AGL-000386,6/16/2026
AGL-000387,10/17/2026
AGL-000388,10/17/2026
AGL-000389,11/19/2026
AGL-000390,7/23/2026
AGL-000391,10/19/2026
AGL-000392,10/19/2026
AGL-000393,5/16/2026
AGL-000394,10/19/2026
AGL-000395,11/29/2026
AGL-000396,2/22/2026
AGL-000397,10/19/2026
AGL-000398,11/30/2026
AGL-000399,10/20/2026
AGL-000400,8/7/2026
AGL-000401,2/21/2026
AGL-000402,2/7/2026
AGL-000403,10/20/2026
AGL-000404,12/27/2026
AGL-000405,9/8/2026
AGL-000406,5/16/2026
AGL-000407,5/9/2026
AGL-000408,10/23/2026
AGL-000409,8/7/2026
AGL-000410,5/18/2026
AGL-000411,12/5/2026
AGL-000412,2/22/2026
AGL-000413,3/4/2026
AGL-000414,10/25/2026
AGL-000415,12/28/2026
AGL-000416,10/25/2026
AGL-000417,10/25/2026
AGL-000418,10/25/2026
AGL-000419,10/25/2026
AGL-000420,3/7/2026
AGL-000421,10/25/2026
AGL-000422,10/25/2026
AGL-000423,10/25/2026
AGL-000424,10/25/2026
AGL-000425,11/29/2026
AGL-000426,12/8/2026
AGL-000427,10/27/2026
AGL-000428,1/2/2027
AGL-000429,10/28/2026
AGL-000430,10/28/2026
AGL-000431,10/12/2026
AGL-000432,10/30/2026
AGL-000433,10/30/2026
AGL-000434,7/22/2026
AGL-000435,12/11/2026
AGL-000436,1/4/2027
AGL-000437,12/1/2026
AGL-000438,2/2/2026
AGL-000439,3/26/2026
AGL-000440,11/1/2026
AGL-000441,11/1/2026
AGL-000442,11/1/2026
AGL-000443,7/29/2026
AGL-000444,9/19/2026
AGL-000445,11/1/2026
AGL-000446,11/2/2026
AGL-000447,11/2/2026
AGL-000448,7/4/2026
AGL-000449,7/5/2026
AGL-000450,11/2/2026
AGL-000451,12/7/2026
AGL-000452,12/28/2026
AGL-000453,2/6/2026
AGL-000454,5/9/2026
AGL-000455,3/26/2026
AGL-000456,1/4/2027
AGL-000457,2/9/2026
AGL-000458,11/3/2026
AGL-000459,12/8/2026
AGL-000460,5/10/2026
AGL-000461,5/10/2026
AGL-000462,3/4/2026
AGL-000463,12/8/2026
AGL-000464,11/3/2026
AGL-000465,11/4/2026
AGL-000466,1/5/2027
AGL-000467,12/3/2026
AGL-000468,11/4/2026
AGL-000469,11/4/2026
AGL-000470,5/29/2026
AGL-000471,3/13/2026
AGL-000472,1/9/2027
AGL-000473,11/7/2026
AGL-000474,12/25/2026
AGL-000475,3/4/2026
AGL-000476,11/7/2026
AGL-000477,12/8/2026
AGL-000478,11/7/2026
AGL-000479,2/17/2026
AGL-000480,8/6/2026
AGL-000481,12/12/2026
AGL-000482,11/8/2026
AGL-000483,11/8/2026
AGL-000484,11/8/2026
AGL-000485,11/8/2026
AGL-000486,12/12/2026
AGL-000487,11/9/2026
AGL-000488,11/9/2026
AGL-000489,5/8/2026
AGL-000490,12/25/2026
AGL-000491,11/10/2026
AGL-000492,11/10/2026
AGL-000493,11/10/2026
AGL-000494,11/10/2026
AGL-000495,5/10/2026
AGL-000496,11/11/2026
AGL-000497,11/11/2026
AGL-000498,11/11/2026
AGL-000499,11/11/2026
AGL-000500,12/12/2026
AGL-000501,6/17/2026
AGL-000502,11/14/2026
AGL-000503,1/3/2027
AGL-000504,2/21/2026
AGL-000505,12/19/2026
AGL-000506,10/23/2026
AGL-000507,11/15/2026
AGL-000508,11/15/2026
AGL-000509,11/15/2026
AGL-000510,11/15/2026
AGL-000511,11/15/2026
AGL-000512,11/15/2026
AGL-000513,11/16/2026
AGL-000514,11/16/2026
AGL-000515,2/13/2026
AGL-000516,12/18/2026
AGL-000517,12/19/2026
AGL-000518,12/23/2026
AGL-000519,11/16/2026
AGL-000520,6/2/2026
AGL-000521,11/16/2026
AGL-000522,3/16/2026
AGL-000523,7/20/2026
AGL-000524,11/17/2026
AGL-000525,11/18/2026
AGL-000526,12/18/2026
AGL-000527,2/15/2026
AGL-000528,11/19/2026
AGL-000529,11/19/2026
AGL-000530,11/19/2026
AGL-000531,9/7/2026
AGL-000532,6/11/2026
AGL-000533,1/28/2027
AGL-000534,11/21/2026
AGL-000535,3/11/2026
AGL-000536,2/22/2026
AGL-000537,7/30/2026
AGL-000538,11/22/2026
AGL-000539,11/22/2026
AGL-000540,11/23/2026
AGL-000541,11/23/2026
AGL-000542,5/15/2026
AGL-000543,2/25/2026
AGL-000544,11/23/2026
AGL-000545,2/20/2026
AGL-000546,11/23/2026
AGL-000547,1/4/2027
AGL-000548,2/13/2026
AGL-000549,11/24/2026
AGL-000550,11/24/2026
AGL-000551,11/24/2026
AGL-000552,11/24/2026
AGL-000553,3/4/2026
AGL-000554,1/23/2027
AGL-000555,11/25/2026
AGL-000556,10/3/2026
AGL-000557,11/28/2026
AGL-000558,11/29/2026
AGL-000559,11/29/2026
AGL-000560,11/29/2026
AGL-000561,11/29/2026
AGL-000562,3/17/2026
AGL-000563,1/6/2027
AGL-000564,11/29/2026
AGL-000565,11/30/2026
AGL-000566,12/1/2026
AGL-000567,12/1/2026
AGL-000568,12/1/2026
AGL-000569,5/11/2026
AGL-000570,7/11/2026
AGL-000571,7/2/2026
AGL-000572,10/17/2026
AGL-000596,11/23/2026
AGL-000597,12/7/2026
AGL-000598,1/12/2027
AGL-000599,1/12/2027
AGL-000600,2/8/2026
AGL-000601,2/7/2026
AGL-000602,2/7/2026
AGL-000603,2/9/2026
AGL-000604,2/9/2026
AGL-000605,12/8/2026
AGL-000606,8/29/2026
AGL-000607,12/9/2026
AGL-000608,12/9/2026
AGL-000609,1/16/2027
AGL-000610,1/10/2027
AGL-000611,2/23/2026
AGL-000612,3/10/2026
AGL-000613,12/12/2026
AGL-000614,12/13/2026
AGL-000615,12/13/2026
AGL-000616,12/13/2026
AGL-000617,7/23/2026
AGL-000573,12/2/2026
AGL-000574,1/10/2027
AGL-000575,1/3/2027
AGL-000576,7/4/2026
AGL-000577,1/14/2027
AGL-000578,12/4/2026
AGL-000579,1/14/2027
AGL-000580,12/4/2026
AGL-000581,12/4/2026
AGL-000582,6/6/2026
AGL-000583,6/6/2026
AGL-000584,12/4/2026
AGL-000585,12/4/2026
AGL-000586,12/4/2026
AGL-000587,12/4/2026
AGL-000588,12/5/2026
AGL-000589,12/5/2026
AGL-000590,1/5/2027
AGL-000591,12/5/2026
AGL-000592,12/5/2026
AGL-000593,12/6/2026
AGL-000594,12/6/2026
AGL-000595,12/6/2026
AGL-000618,7/17/2026
AGL-000619,12/13/2026
AGL-000620,12/13/2026
AGL-000621,5/18/2026
AGL-000622,12/13/2026
AGL-000623,2/22/2026
AGL-000624,6/22/2026
AGL-000625,12/14/2026
AGL-000626,12/14/2026
AGL-000627,12/14/2026
AGL-000628,12/15/2026
AGL-000629,12/15/2026
AGL-000630,12/15/2026
AGL-000631,12/15/2026
AGL-000632,1/18/2027
AGL-000633,12/15/2026
AGL-000634,5/16/2026
AGL-000635,12/19/2026
AGL-000636,12/19/2026
AGL-000637,2/16/2026
AGL-000638,3/4/2026
AGL-000639,6/7/2026
AGL-000640,12/20/2026
AGL-000641,7/9/2026
AGL-000642,12/20/2026
AGL-000643,12/20/2026
AGL-000644,12/21/2026
AGL-000645,12/26/2026
AGL-000646,3/5/2026
AGL-000647,8/2/2026
AGL-000648,12/28/2026
AGL-000649,12/28/2026
AGL-000650,7/19/2026
AGL-000651,8/7/2026
AGL-000652,1/2/2027
AGL-000653,6/16/2026
AGL-000654,6/27/2026
AGL-000655,1/2/2027
AGL-000656,1/2/2027
AGL-000658,1/2/2027
AGL-000659,1/2/2027
AGL-000660,2/3/2026
AGL-000661,8/24/2026
AGL-000662,1/3/2027
AGL-000663,9/27/2026
AGL-000664,5/16/2026
AGL-000665,12/27/2026
AGL-000666,12/28/2026
AGL-000667,1/3/2027
AGL-000668,1/3/2027
AGL-000669,7/10/2026
AGL-000670,2/16/2026
AGL-000671,3/6/2026
AGL-000672,1/4/2027
AGL-000673,2/17/2026
AGL-000674,11/18/2026
AGL-000675,1/6/2027
AGL-000676,1/6/2027
AGL-000677,2/5/2026
AGL-000678,1/7/2027
AGL-000679,1/10/2027
AGL-000680,1/10/2027
AGL-000681,1/11/2027
AGL-000682,1/10/2027
AGL-000683,5/16/2026
AGL-000684,1/10/2027
AGL-000685,6/20/2026
AGL-000686,1/10/2027
AGL-000687,11/10/2026
AGL-000688,1/11/2027
AGL-000689,1/18/2027
AGL-000690,3/14/2026
AGL-000691,3/15/2026
AGL-000692,8/2/2026
AGL-000693,1/12/2027
AGL-000694,1/16/2027
AGL-000695,3/18/2026
AGL-000696,1/16/2027
AGL-000697,1/16/2027
AGL-000698,3/21/2026
AGL-000699,2/22/2026
AGL-000700,1/18/2027
AGL-000701,5/7/2026
AGL-000702,1/18/2027
AGL-000703,1/18/2027
AGL-000704,1/18/2027
AGL-000705,1/19/2027
AGL-000706,2/20/2026
AGL-000707,4/30/2026
AGL-000708,12/12/2026
AGL-000709,7/13/2026
AGL-000710,2/27/2026
AGL-000711,1/25/2027
AGL-000712,1/26/2027
AGL-000713,1/26/2027
AGL-000714,4/6/2026
AGL-000715,1/31/2027
AGL-000716,2/1/2026
AGL-000717,3/16/2026
AGL-000718,2/1/2026
AGL-000719,4/3/2026
AGL-000720,5/16/2026
AGL-000721,2/3/2026
AGL-000722,3/6/2026
AGL-000723,2/7/2026
AGL-000724,2/8/2026
AGL-000725,2/8/2026
AGL-000726,2/8/2026
AGL-000727,2/8/2026
AGL-000728,2/9/2026
AGL-000729,2/9/2026
AGL-000730,2/9/2026
AGL-000731,3/11/2026
AGL-000732,3/19/2026
AGL-000733,2/9/2026
AGL-000734,2/14/2026
AGL-000735,3/20/2026
AGL-000736,3/18/2026
AGL-000737,2/16/2026
AGL-000738,6/5/2026
AGL-000739,2/16/2026
AGL-000740,10/18/2026
AGL-000741,2/17/2026
AGL-000742,2/20/2026
AGL-000743,9/26/2026
AGL-000744,2/21/2026
AGL-000745,7/20/2026
AGL-000746,2/21/2026
AGL-000747,2/22/2026
AGL-000748,2/23/2026
AGL-000749,2/24/2026
AGL-000750,2/24/2026
AGL-000751,3/2/2026
AGL-000752,3/2/2026
AGL-000753,3/1/2026
AGL-000754,3/1/2026
AGL-000755,3/4/2026
AGL-000756,4/6/2026
AGL-000757,3/26/2026
AGL-000758,1/18/2027
AGL-000759,3/6/2026
AGL-000760,3/6/2026
AGL-000761,7/16/2026
AGL-000762,4/10/2026
AGL-000763,3/12/2026
AGL-000764,3/12/2026
AGL-000765,3/15/2026
AGL-000766,3/15/2026
AGL-000767,3/18/2026
AGL-000768,5/24/2026
AGL-000769,11/20/2026
AGL-000770,8/1/2026
AGL-000771,3/12/2026
AGL-000772,6/11/2026
AGL-000773,10/10/2026
AGL-000774,8/10/2026
AGL-000775,6/18/2026
AGL-000776,4/1/2026
AGL-000777,4/1/2026
AGL-000778,10/12/2026
AGL-000779,7/18/2026
AGL-000780,4/3/2026
AGL-000781,3/17/2026
AGL-000782,4/7/2026
AGL-000783,4/8/2026
AGL-000784,11/17/2026
AGL-000785,4/11/2026
AGL-000786,6/1/2026
AGL-000787,6/12/2026
AGL-000788,5/4/2026
AGL-000789,5/4/2026
AGL-000790,5/4/2026
AGL-000791,5/5/2026
AGL-000792,5/5/2026
AGL-000793,5/7/2026
AGL-000794,6/1/2026
AGL-000795,5/8/2026
AGL-000796,5/8/2026
AGL-000797,5/9/2026
AGL-000798,5/9/2026
AGL-000799,5/9/2026
AGL-000800,5/9/2026
AGL-000801,6/12/2026
AGL-000802,6/13/2026
AGL-000803,5/11/2026
AGL-000804,5/11/2026
AGL-000805,5/11/2026
AGL-000806,5/11/2026
AGL-000807,5/11/2026
AGL-000808,5/15/2026
AGL-000809,3/17/2026
AGL-000810,5/15/2026
AGL-000811,5/15/2026
AGL-000812,5/15/2026
AGL-000813,5/15/2026
AGL-000814,12/24/2026
AGL-000815,5/15/2026
AGL-000816,9/1/2026
AGL-000817,5/15/2026
AGL-000818,10/23/2026
AGL-000819,10/18/2026
AGL-000820,7/27/2026
AGL-000821,7/27/2026
AGL-000822,11/23/2026
AGL-000823,6/20/2026
AGL-000824,6/20/2026
AGL-000825,5/16/2026
AGL-000826,8/2/2026
AGL-000827,5/17/2026
AGL-000828,5/17/2026
AGL-000829,11/14/2026
AGL-000830,5/17/2026
AGL-000831,5/22/2026
AGL-000832,8/9/2026
AGL-000833,5/22/2026
AGL-000834,5/22/2026
AGL-000835,5/22/2026
AGL-000836,5/23/2026
AGL-000837,5/23/2026
AGL-000838,5/23/2026
AGL-000839,5/24/2026
AGL-000840,5/24/2026
AGL-000841,5/25/2026
AGL-000842,5/25/2026
AGL-000843,5/25/2026
AGL-000844,5/25/2026
AGL-000845,5/28/2026
AGL-000846,5/28/2026
AGL-000847,10/23/2026
AGL-000848,5/29/2026
AGL-000849,6/3/2026
AGL-000850,11/27/2026
AGL-000851,7/11/2026
AGL-000852,6/5/2026
AGL-000853,12/22/2026
AGL-000854,6/5/2026
AGL-000855,6/20/2026
AGL-000856,7/6/2026
AGL-000857,11/14/2026
AGL-000858,11/14/2026
AGL-000859,8/15/2026
AGL-000860,8/15/2026
AGL-000861,6/6/2026
AGL-000862,6/6/2026
AGL-000863,7/20/2026
AGL-000864,6/7/2026
AGL-000865,6/7/2026
AGL-000866,7/9/2026
AGL-000867,6/8/2026
AGL-000868,6/8/2026
AGL-000869,6/8/2026
AGL-000870,6/8/2026
AGL-000871,6/8/2026
AGL-000872,6/9/2026
AGL-000873,6/9/2026
AGL-000874,6/10/2026
AGL-000875,3/17/2026
AGL-000876,6/10/2026
AGL-000877,6/12/2026
AGL-000878,6/13/2026
AGL-000879,6/13/2026
AGL-000880,9/1/2026
AGL-000881,6/13/2026
AGL-000882,8/15/2026
AGL-000883,6/15/2026
AGL-000884,6/15/2026
AGL-000885,1/10/2027
AGL-000886,6/17/2026
AGL-000887,9/21/2026
AGL-000888,1/2/2027
AGL-000889,6/20/2026
AGL-000890,8/9/2026
AGL-000891,10/10/2026
AGL-000892,6/21/2026
AGL-000893,6/21/2026
AGL-000894,6/21/2026
AGL-000895,6/21/2026
AGL-000896,6/21/2026
AGL-000897,6/21/2026
AGL-000898,6/22/2026
AGL-000899,6/22/2026
AGL-000900,6/23/2026
AGL-000901,6/27/2026
AGL-000902,8/30/2026
AGL-000903,6/28/2026
AGL-000904,6/28/2026
AGL-000905,8/15/2026
AGL-000906,8/15/2026
AGL-000907,7/12/2026
AGL-000908,7/16/2026
AGL-000909,7/12/2026
AGL-000910,7/11/2026
AGL-000911,3/26/2026
AGL-000912,7/13/2026
AGL-000913,12/6/2026
AGL-000914,7/13/2026
AGL-000915,7/13/2026
AGL-000916,7/19/2026
AGL-000917,8/25/2026
AGL-000918,7/17/2026
AGL-000919,3/11/2026
AGL-000920,8/6/2026
AGL-000921,7/17/2026
AGL-000922,10/2/2026
AGL-000923,10/4/2026
AGL-000924,7/18/2026
AGL-000925,7/18/2026
AGL-000926,7/19/2026
AGL-000927,7/19/2026
AGL-000928,7/20/2026
AGL-000929,9/28/2026
AGL-000930,7/20/2026
AGL-000931,7/24/2026
AGL-000932,7/24/2026
AGL-000933,10/2/2026
AGL-000934,7/27/2026
AGL-000935,9/8/2026
AGL-000936,7/27/2026
AGL-000937,3/10/2026
AGL-000938,7/28/2026
AGL-000939,7/28/2026
AGL-000940,10/3/2026
AGL-000941,10/11/2026
AGL-000942,12/6/2026
AGL-000943,8/1/2026
AGL-000944,8/1/2026
AGL-000945,7/22/2026
AGL-000946,10/3/2026
AGL-000947,9/22/2026
AGL-000948,9/18/2026
AGL-000949,8/3/2026
AGL-000950,8/3/2026
AGL-000951,8/3/2026
AGL-000952,8/3/2026
AGL-000953,12/7/2026
AGL-000954,1/20/2027
AGL-000955,1/22/2027
AGL-000956,10/3/2026
AGL-000957,8/9/2026
AGL-000958,8/9/2026
AGL-000959,8/9/2026
AGL-000960,8/9/2026
AGL-000961,11/4/2026
AGL-000962,8/10/2026
AGL-000963,11/4/2026
AGL-000964,11/14/2026
AGL-000965,8/12/2026
AGL-000966,8/4/2026
AGL-000967,10/16/2026
AGL-000968,9/25/2026
AGL-000969,8/14/2026
AGL-000970,10/17/2026
AGL-000971,8/15/2026
AGL-000972,8/17/2026
AGL-000973,8/17/2026
AGL-000974,8/17/2026
AGL-000975,8/17/2026
AGL-000976,8/18/2026
AGL-000977,12/4/2026
AGL-000978,8/19/2026
AGL-000979,8/21/2026
AGL-000980,12/6/2026
AGL-000981,8/22/2026
AGL-000982,3/10/2026
AGL-000983,3/10/2026
AGL-000984,8/23/2026
AGL-000985,8/23/2026
AGL-000986,9/23/2026
AGL-000987,8/24/2026
AGL-000988,7/12/2026
AGL-000989,8/25/2026
AGL-000990,8/26/2026
AGL-000991,8/26/2026
AGL-000992,7/16/2026
AGL-000993,7/13/2026
AGL-000994,6/5/2026
AGL-000995,8/31/2026
AGL-000996,9/1/2026
AGL-000997,9/1/2026
AGL-000998,9/2/2026
AGL-000999,9/2/2026
AGL-001000,8/4/2026
AGL-001001,9/4/2026
AGL-001002,1/10/2027
AGL-001003,1/10/2027
AGL-001004,1/4/2027
AGL-001005,1/8/2027
AGL-001006,10/2/2026
AGL-001007,5/14/2026
AGL-001008,9/5/2026
AGL-001009,9/5/2026
AGL-001031,9/11/2026
AGL-001032,9/12/2026
AGL-001033,9/12/2026
AGL-001034,9/12/2026
AGL-001035,9/13/2026
AGL-001036,9/13/2026
AGL-001037,9/13/2026
AGL-001038,9/13/2026
AGL-001039,9/13/2026
AGL-001040,3/13/2026
AGL-001041,10/15/2026
AGL-001042,10/15/2026
AGL-001043,1/18/2027
AGL-001044,9/18/2026
AGL-001045,10/9/2026
AGL-001046,9/18/2026
AGL-001047,9/19/2026
AGL-001048,9/19/2026
AGL-001049,9/19/2026
AGL-001050,9/19/2026
AGL-001051,9/19/2026
AGL-001010,9/6/2026
AGL-001011,9/6/2026
AGL-001012,10/11/2026
AGL-001013,7/8/2026
AGL-001014,11/7/2026
AGL-001015,5/14/2026
AGL-001016,9/7/2026
AGL-001017,9/7/2026
AGL-001018,9/7/2026
AGL-001019,1/16/2027
AGL-001020,9/8/2026
AGL-001021,9/9/2026
AGL-001022,9/9/2026
AGL-001023,9/9/2026
AGL-001024,9/9/2026
AGL-001025,9/11/2026
AGL-001026,9/11/2026
AGL-001027,9/11/2026
AGL-001028,9/11/2026
AGL-001029,9/11/2026
AGL-001030,9/11/2026
AGL-001052,9/19/2026
AGL-001053,6/13/2026
AGL-001054,9/20/2026
AGL-001055,7/16/2026
AGL-001056,9/20/2026
AGL-001057,9/20/2026
AGL-001058,9/23/2026
AGL-001059,9/25/2026
AGL-001060,9/25/2026
AGL-001061,9/26/2026
AGL-001062,9/26/2026
AGL-001063,9/26/2026
AGL-001064,9/26/2026
AGL-001065,9/26/2026
AGL-001066,7/3/2026
AGL-001067,12/10/2026
AGL-001068,9/28/2026
AGL-001069,12/22/2026
AGL-001070,9/28/2026
AGL-001071,9/30/2026
AGL-001072,10/2/2026
AGL-001073,10/3/2026
AGL-001074,10/3/2026
AGL-001075,10/3/2026
AGL-001076,10/4/2026
AGL-001077,10/6/2026
AGL-001078,11/18/2026
AGL-001079,5/10/2026
AGL-001080,5/9/2026
AGL-001081,12/11/2026
AGL-001082,10/9/2026
AGL-001083,10/9/2026
AGL-001084,10/9/2026
AGL-001085,10/9/2026
AGL-001086,10/9/2026
AGL-001087,10/9/2026
AGL-001088,7/1/2026
AGL-001089,10/10/2026
AGL-001090,10/10/2026
AGL-001091,12/10/2026
AGL-001092,12/6/2026
AGL-001093,4/28/2026
AGL-001094,11/21/2026
AGL-001095,10/11/2026
AGL-001096,10/11/2026
AGL-001097,10/11/2026
AGL-001098,1/16/2027
AGL-001099,10/13/2026
AGL-001100,12/13/2026
AGL-001101,5/8/2026
AGL-001102,1/15/2027
AGL-001103,11/14/2026
AGL-001104,10/16/2026
AGL-001105,10/16/2026
AGL-001106,1/2/2027
AGL-001107,11/18/2026
AGL-001108,10/17/2026
AGL-001109,10/17/2026
AGL-001110,10/18/2026
AGL-001111,10/18/2026
AGL-001112,10/18/2026
AGL-001113,10/19/2026
AGL-001114,10/19/2026
AGL-001115,10/19/2026
AGL-001116,10/19/2026
AGL-001117,10/19/2026
AGL-001118,10/19/2026
AGL-001119,10/20/2026
AGL-001120,10/22/2026
AGL-001121,10/23/2026
AGL-001122,10/23/2026
AGL-001123,10/23/2026
AGL-001124,7/6/2026
AGL-001125,7/6/2026
AGL-001126,10/24/2026
AGL-001127,10/24/2026
AGL-001128,10/25/2026
AGL-001129,11/21/2026
AGL-001130,3/11/2026
AGL-001131,10/29/2026
AGL-001132,10/29/2026
AGL-001133,10/29/2026
AGL-001134,10/29/2026
AGL-001135,10/29/2026
AGL-001136,10/29/2026
AGL-001137,10/30/2026
AGL-001138,10/30/2026
AGL-001139,10/30/2026
AGL-001140,1/4/2027
AGL-001141,11/1/2026
AGL-001142,11/1/2026
AGL-001143,12/7/2026
AGL-001144,12/7/2026
AGL-001145,11/2/2026
AGL-001146,11/2/2026
AGL-001147,11/2/2026
AGL-001148,11/3/2026
AGL-001149,11/3/2026
AGL-001150,11/3/2026
AGL-001151,11/3/2026
AGL-001152,11/6/2026
AGL-001153,12/10/2026
AGL-001154,1/3/2027
AGL-001155,7/3/2026
AGL-001156,11/7/2026
AGL-001157,5/23/2026
AGL-001158,11/7/2026
AGL-001159,12/11/2026
AGL-001160,11/8/2026
AGL-001161,11/8/2026
AGL-001162,11/9/2026
AGL-001163,11/9/2026
AGL-001164,11/9/2026
AGL-001165,11/9/2026
AGL-001166,11/10/2026
AGL-001167,11/10/2026
AGL-001168,11/10/2026
AGL-001169,11/10/2026
AGL-001170,11/10/2026
AGL-001171,11/10/2026
AGL-001172,11/10/2026
AGL-001173,11/10/2026
AGL-001174,11/10/2026
AGL-001175,11/10/2026
AGL-001176,11/10/2026
AGL-001177,11/10/2026
AGL-001178,12/12/2026
AGL-001179,12/13/2026
AGL-001180,1/18/2027
AGL-001181,11/14/2026
AGL-001182,11/14/2026
AGL-001183,12/14/2026
AGL-001184,11/15/2026
AGL-001185,11/15/2026
AGL-001186,11/16/2026
AGL-001187,11/16/2026
AGL-001188,11/16/2026
AGL-001189,11/16/2026
AGL-001190,11/16/2026
AGL-001191,11/18/2026
AGL-001192,11/18/2026
AGL-001193,11/20/2026
AGL-001194,11/22/2026
AGL-001195,11/22/2026
AGL-001196,11/22/2026
AGL-001197,11/22/2026
AGL-001198,11/22/2026
AGL-001199,11/23/2026
AGL-001200,11/23/2026
AGL-001201,11/23/2026
AGL-001202,11/30/2026
AGL-001203,11/30/2026
AGL-001204,11/30/2026
AGL-001205,12/1/2026
AGL-001206,12/3/2026
AGL-001207,12/4/2026
AGL-001208,12/4/2026
AGL-001209,7/3/2026
AGL-001210,12/5/2026
AGL-001211,12/5/2026
AGL-001212,12/5/2026
AGL-001213,12/5/2026
AGL-001214,12/5/2026
AGL-001215,1/8/2027
AGL-001216,12/6/2026
AGL-001217,12/10/2026
AGL-001218,1/12/2027
AGL-001219,12/11/2026
AGL-001220,12/12/2026
AGL-001221,12/12/2026
AGL-001222,12/13/2026
AGL-001223,12/13/2026
AGL-001224,12/14/2026
AGL-001225,5/9/2026
AGL-001226,1/18/2027
AGL-001227,5/16/2026
AGL-001228,12/18/2026
AGL-001229,12/18/2026
AGL-001230,12/18/2026
AGL-001231,12/18/2026
AGL-001232,5/29/2026
AGL-001233,12/19/2026
AGL-001234,12/20/2026
AGL-001235,3/18/2026
AGL-001236,12/22/2026
AGL-001237,2/22/2026
AGL-001238,12/24/2026
AGL-001239,12/24/2026
AGL-001240,12/24/2026
AGL-001241,12/24/2026
AGL-001242,12/24/2026
AGL-001243,12/24/2026
AGL-001244,12/24/2026
AGL-001245,12/24/2026
AGL-001246,12/24/2026
AGL-001247,12/24/2026
AGL-001248,12/25/2026
AGL-001249,12/25/2026
AGL-001250,12/25/2026
AGL-001251,12/25/2026
AGL-001252,12/27/2026
AGL-001253,12/25/2026
AGL-001254,12/28/2026
AGL-001255,12/26/2026
AGL-001256,12/26/2026
AGL-001257,12/27/2026
AGL-001258,12/27/2026
AGL-001259,12/27/2026
AGL-001260,12/28/2026
AGL-001261,3/18/2026
AGL-001262,1/1/2027
AGL-001263,2/13/2026
AGL-001264,1/1/2027
AGL-001265,1/4/2027
AGL-001266,5/16/2026
AGL-001267,1/10/2027
AGL-001268,1/11/2027
AGL-001269,1/11/2027
AGL-001270,8/3/2026
AGL-001271,8/3/2026
AGL-001272,1/12/2027
AGL-001273,3/10/2026
AGL-001274,1/16/2027
AGL-001275,3/13/2026
AGL-001276,1/16/2027
AGL-001277,1/16/2027
AGL-001278,1/17/2027
AGL-001279,8/6/2026
AGL-001280,5/1/2026
AGL-001281,7/23/2026
AGL-001282,5/4/2026
AGL-001283,1/20/2027
AGL-001284,1/22/2027
AGL-001285,1/23/2027
AGL-001286,2/5/2026
AGL-001287,3/11/2026
AGL-001288,2/7/2026
AGL-001289,2/7/2026
AGL-001290,7/12/2026
AGL-001291,7/12/2026
AGL-001292,2/9/2026
AGL-001293,2/9/2026
AGL-001294,7/11/2026
AGL-001295,2/13/2026
AGL-001296,2/15/2026
AGL-001297,3/2/2026
AGL-001298,3/2/2026
AGL-001299,3/27/2026
AGL-001300,6/8/2026
AGL-001301,6/8/2026
AGL-001302,3/3/2026
AGL-001303,3/10/2026
AGL-001304,5/28/2026
AGL-001305,7/3/2026
AGL-001306,3/10/2026
AGL-001307,3/11/2026
AGL-001308,8/3/2026
AGL-001309,8/7/2026
AGL-001310,4/7/2026
AGL-001311,3/11/2026
AGL-001312,5/7/2026
AGL-001314,3/11/2026
AGL-001315,7/12/2026
AGL-001316,3/11/2026
AGL-001317,7/9/2026
AGL-001318,3/11/2026
AGL-001319,3/11/2026
AGL-001320,3/11/2026
AGL-001321,3/11/2026
AGL-001322,3/11/2026
AGL-001323,3/11/2026
AGL-001324,4/24/2026
AGL-001325,3/17/2026
AGL-001326,3/13/2026
AGL-001327,3/13/2026
AGL-001328,4/6/2026
AGL-001329,3/16/2026
AGL-001330,3/16/2026
AGL-001331,6/18/2026
AGL-001332,3/16/2026
AGL-001333,3/17/2026
AGL-001334,3/17/2026
AGL-001335,3/17/2026
AGL-001337,6/15/2026
AGL-001338,5/7/2026
AGL-001339,3/19/2026
AGL-001340,3/19/2026
AGL-001341,8/7/2026
AGL-001342,7/11/2026
AGL-001343,5/8/2026
AGL-001344,3/23/2026
AGL-001345,3/23/2026
AGL-001346,3/23/2026
AGL-001347,3/24/2026
AGL-001348,3/24/2026
AGL-001349,8/7/2026
AGL-001350,7/9/2026
AGL-001351,7/11/2026
AGL-001352,6/7/2026
AGL-001353,3/27/2026
AGL-001354,3/28/2026
AGL-001355,4/2/2026
AGL-001356,4/4/2026
AGL-001357,5/10/2026
AGL-001358,4/4/2026
AGL-001359,4/4/2026
AGL-001360,7/18/2026
AGL-001361,7/24/2026
AGL-001362,6/8/2026
AGL-001363,7/15/2026
AGL-001364,7/17/2026
AGL-001365,4/6/2026
AGL-001366,4/6/2026
AGL-001367,4/6/2026
AGL-001368,4/7/2026
AGL-001369,7/5/2026
AGL-001370,5/9/2026
AGL-001371,4/12/2026
AGL-001372,4/13/2026
AGL-001373,7/5/2026
AGL-001374,5/13/2026
AGL-001375,4/13/2026
AGL-001376,7/1/2026
AGL-001377,7/17/2026
AGL-001378,5/22/2026
AGL-001379,4/13/2026
AGL-001380,4/13/2026
AGL-001381,4/14/2026
AGL-001382,7/16/2026
AGL-001383,5/29/2026
AGL-001384,4/14/2026
AGL-001385,6/19/2026
AGL-007385,6/19/2026
AGL-001386,4/17/2026
AGL-001387,4/17/2026
AGL-001388,7/2/2026
AGL-001411,8/1/2026
AGL-001412,5/3/2026
AGL-001413,5/3/2026
AGL-001414,5/4/2026
AGL-001415,6/2/2026
AGL-001416,5/6/2026
AGL-001417,5/7/2026
AGL-001418,8/7/2026
AGL-001419,8/7/2026
AGL-001420,5/7/2026
AGL-001421,5/7/2026
AGL-001422,6/20/2026
AGL-001423,7/16/2026
AGL-001424,6/5/2026
AGL-001425,5/8/2026
AGL-001426,5/8/2026
AGL-001427,7/10/2026
AGL-001428,5/8/2026
AGL-001429,7/12/2026
AGL-001430,7/12/2026
AGL-001431,6/13/2026
AGL-001432,7/30/2026
AGL-001433,5/8/2026
AGL-001389,8/2/2026
AGL-001390,4/25/2026
AGL-001391,4/25/2026
AGL-001392,7/19/2026
AGL-001393,7/10/2026
AGL-001394,5/29/2026
AGL-009394,5/29/2026
AGL-001395,4/27/2026
AGL-001396,7/2/2026
AGL-001397,4/27/2026
AGL-001398,4/27/2026
AGL-001399,4/27/2026
AGL-001400,4/28/2026
AGL-001401,8/2/2026
AGL-001402,4/30/2026
AGL-001403,4/30/2026
AGL-001404,5/1/2026
AGL-001405,5/1/2026
AGL-001406,5/1/2026
AGL-001407,5/1/2026
AGL-001408,5/2/2026
AGL-001409,5/2/2026
AGL-001410,5/2/2026
AGL-001457,5/14/2026
AGL-001458,5/14/2026
AGL-001459,6/15/2026
AGL-001460,5/14/2026
AGL-001461,7/11/2026
AGL-001462,5/16/2026
AGL-001463,5/16/2026
AGL-001464,5/16/2026
AGL-001465,7/9/2026
AGL-001466,5/16/2026
AGL-001467,5/16/2026
AGL-001468,5/16/2026
AGL-001469,5/16/2026
AGL-001470,6/16/2026
AGL-001471,5/17/2026
AGL-001472,5/20/2026
AGL-001473,7/23/2026
AGL-001474,5/21/2026
AGL-001475,5/21/2026
AGL-001476,5/21/2026
AGL-001477,5/21/2026
AGL-001478,5/21/2026
AGL-001479,6/11/2026
AGL-001434,5/9/2026
AGL-001435,5/9/2026
AGL-001436,5/9/2026
AGL-001437,6/15/2026
AGL-001438,5/10/2026
AGL-001439,5/10/2026
AGL-001440,5/10/2026
AGL-001441,5/10/2026
AGL-001442,6/14/2026
AGL-001443,7/8/2026
AGL-001444,7/30/2026
AGL-001445,5/10/2026
AGL-001446,8/2/2026
AGL-001447,7/5/2026
AGL-001448,5/11/2026
AGL-001449,5/11/2026
AGL-001450,5/13/2026
AGL-001451,6/11/2026
AGL-001452,6/11/2026
AGL-001453,6/11/2026
AGL-001454,5/13/2026
AGL-001455,5/13/2026
AGL-001456,5/14/2026
AGL-001480,7/3/2026
AGL-001481,7/3/2026
AGL-001482,5/22/2026
AGL-001483,5/22/2026
AGL-001484,7/19/2026
AGL-001485,5/22/2026
AGL-001486,7/19/2026
AGL-001487,7/19/2026
AGL-001488,7/20/2026
AGL-001489,7/16/2026
AGL-001490,7/16/2026
AGL-001491,5/22/2026
AGL-001492,5/23/2026
AGL-001493,5/23/2026
AGL-001494,7/16/2026
AGL-001495,5/29/2026
AGL-001496,5/30/2026
AGL-009496,5/30/2026
AGL-001497,7/12/2026
AGL-001498,6/1/2026
AGL-001499,6/1/2026
AGL-001500,6/2/2026
AGL-001501,6/2/2026
AGL-001502,7/10/2026
AGL-001503,7/8/2026
AGL-001504,6/4/2026
AGL-001505,7/12/2026
AGL-001506,6/4/2026
AGL-001507,6/5/2026
AGL-001508,6/5/2026
AGL-001509,6/5/2026
AGL-001510,6/5/2026
AGL-001511,6/5/2026
AGL-001512,6/6/2026
AGL-001513,8/6/2026
AGL-001514,8/6/2026
AGL-001515,6/6/2026
AGL-001516,6/6/2026
AGL-001517,6/7/2026
AGL-001518,6/8/2026
AGL-001519,6/8/2026
AGL-001520,6/9/2026
AGL-001521,7/20/2026
AGL-001522,6/11/2026
AGL-001523,6/11/2026
AGL-001524,6/11/2026
AGL-001525,6/11/2026
AGL-001526,6/12/2026
AGL-001527,6/12/2026
AGL-001528,7/17/2026
AGL-001529,7/18/2026
AGL-001530,7/20/2026
AGL-001531,7/9/2026
AGL-001532,6/12/2026
AGL-001533,6/13/2026
AGL-001534,7/22/2026
AGL-001535,7/17/2026
AGL-001536,6/14/2026
AGL-001537,6/15/2026
AGL-001538,6/15/2026
AGL-001539,6/15/2026
AGL-001540,6/18/2026
AGL-001541,7/18/2026
AGL-001542,6/18/2026
AGL-001543,6/19/2026
AGL-001544,6/19/2026
AGL-001545,6/20/2026
AGL-001546,6/20/2026
AGL-001547,6/20/2026
AGL-001548,6/20/2026
AGL-001549,6/21/2026
AGL-001550,6/23/2026
AGL-001551,6/23/2026
AGL-001552,7/1/2026
AGL-001553,7/1/2026
AGL-001554,7/2/2026
AGL-001555,7/2/2026
AGL-001556,7/2/2026
AGL-001557,8/3/2026
AGL-001558,7/2/2026
AGL-001559,7/2/2026
AGL-001560,7/3/2026
AGL-001561,8/6/2026
AGL-001562,8/6/2026
AGL-001563,7/3/2026
AGL-001564,7/4/2026
AGL-001565,7/4/2026
AGL-001566,7/4/2026
AGL-001567,7/4/2026
AGL-001568,7/4/2026
AGL-001569,8/6/2026
AGL-001570,7/5/2026
AGL-001571,7/6/2026
AGL-001572,7/8/2026
AGL-001573,7/8/2026
AGL-001574,7/8/2026
AGL-001575,7/8/2026
AGL-001576,7/8/2026
AGL-001577,7/9/2026
AGL-001578,7/9/2026
AGL-001579,8/7/2026
AGL-001580,7/9/2026
AGL-001581,7/9/2026
AGL-001582,7/9/2026
AGL-001583,7/9/2026
AGL-001584,7/9/2026
AGL-001585,7/9/2026
AGL-001586,7/9/2026
AGL-001587,7/9/2026
AGL-001588,7/10/2026
AGL-001589,7/10/2026
AGL-001590,7/10/2026
AGL-001591,7/10/2026
AGL-001592,7/10/2026
AGL-001593,7/10/2026
AGL-001594,7/10/2026
AGL-001595,7/10/2026
AGL-001596,7/10/2026
AGL-001597,7/10/2026
AGL-001598,7/10/2026
AGL-001599,7/11/2026
AGL-001600,7/11/2026
AGL-001601,7/12/2026
AGL-001602,7/12/2026
AGL-001603,7/12/2026
AGL-001604,7/12/2026
AGL-001605,7/13/2026
AGL-001606,7/15/2026
AGL-001607,7/15/2026
AGL-001608,7/15/2026
AGL-001609,7/15/2026
AGL-001610,7/16/2026
AGL-001611,7/16/2026
AGL-001612,7/16/2026
AGL-001613,7/16/2026
AGL-001614,7/16/2026
AGL-001615,7/16/2026
AGL-001616,7/16/2026
AGL-001617,7/16/2026
AGL-001618,7/16/2026
AGL-001619,7/16/2026
AGL-001620,7/16/2026
AGL-001621,7/16/2026
AGL-001622,7/16/2026
AGL-001623,7/16/2026
AGL-001624,7/16/2026
AGL-001625,7/16/2026
AGL-001626,7/17/2026
AGL-001627,7/17/2026
AGL-001628,7/18/2026
AGL-001629,7/18/2026
AGL-001630,7/18/2026
AGL-001631,7/18/2026
AGL-001632,7/18/2026
AGL-001633,7/19/2026
AGL-001634,7/19/2026
AGL-001635,7/19/2026
AGL-001636,7/19/2026
AGL-001637,8/4/2026
AGL-001638,7/20/2026
AGL-001639,7/22/2026
AGL-001640,7/22/2026
AGL-001641,7/22/2026
AGL-001642,7/22/2026
AGL-001643,7/24/2026
AGL-001644,7/29/2026
AGL-001645,7/30/2026
AGL-001646,7/30/2026
AGL-001647,8/1/2026
AGL-001648,8/1/2026
AGL-001649,8/1/2026
AGL-001650,8/2/2026
AGL-001651,8/2/2026
AGL-001652,8/2/2026
AGL-001653,8/3/2026
AGL-001654,8/3/2026
AGL-001655,8/4/2026
AGL-001656,8/4/2026
AGL-001657,8/4/2026
AGL-001658,8/4/2026
AGL-001659,8/6/2026
AGL-001660,8/6/2026
AGL-001661,8/7/2026
AGL-001662,8/7/2026
AGL-001663,8/7/2026
AGL-001664,8/7/2026
AGL-001665,8/9/2026
AGL-001666,8/9/2026
AGL-001667,8/9/2026
AGL-001668,8/9/2026
AGL-001669,8/9/2026
AGL-001670,8/7/2026
AGL-001671,8/8/2026
AGL-001672,8/8/2026
AGL-001673,8/10/2026
AGL-001674,8/10/2026
AGL-001675,8/10/2026
AGL-001676,8/10/2026
AGL-001677,8/10/2026
AGL-001678,8/10/2026
AGL-001679,8/11/2026
AGL-001680,8/11/2026
AGL-001681,8/13/2026
AGL-001682,8/13/2026
AGL-001683,8/13/2026
AGL-001684,8/13/2026
AGL-001685,8/14/2026
AGL-001686,8/14/2026
AGL-001687,8/14/2026
AGL-001688,8/14/2026
AGL-001689,8/14/2026
AGL-001690,8/14/2026
AGL-001691,8/14/2026
AGL-001692,8/14/2026
AGL-001693,8/10/2026
AGL-001694,8/15/2026
AGL-001695,8/7/2026
AGL-001696,8/15/2026
AGL-001697,8/15/2026
AGL-001698,8/15/2026
AGL-001699,8/15/2026
AGL-001700,8/13/2026
AGL-001701,8/16/2026
AGL-001702,8/16/2026
AGL-001703,8/16/2026
AGL-001704,8/17/2026
AGL-001705,8/17/2026
AGL-001706,8/18/2026
AGL-001707,8/18/2026
AGL-001708,8/18/2026
AGL-001709,8/18/2026
AGL-001710,8/20/2026
AGL-001711,8/3/2026
AGL-001712,8/3/2026
AGL-001713,8/20/2026
AGL-001714,8/20/2026
